id,name,number,timestamp_
0,New York,4567327,2022-06-01 00:39:09
1,Los Angeles,6381271,2022-06-01 03:31:09
2,Chicago,4959260,2022-06-01 13:30:09
3,Houston,4319027,2022-06-02 01:35:09
4,San Francisco,7768546,2022-06-02 06:07:09
5,San Jose,7804260,2022-06-02 18:48:09
6,Shangai,2825356,2022-06-02 21:58:09
7,Beijing,1386557,2022-06-03 11:12:09
8,Guangzhou,4019509,2022-06-04 02:42:09
9,Shenzhen,4882325,2022-06-04 15:42:09
10,Chengdu,5330212,2022-06-05 08:07:09
11,Tokyo,9861691,2022-06-05 10:41:09
12,Yokohama,8548306,2022-06-05 15:26:09
13,Osaka,1913047,2022-06-06 05:52:09
14,Nagoya,8667864,2022-06-06 16:56:09
15,Sapporo,4867550,2022-06-07 05:50:09
16,Berlin,7710649,2022-06-07 09:13:09
17,Hamburg,5591409,2022-06-07 11:11:09
18,Munich,3567050,2022-06-08 02:51:09
19,Cologne,6278099,2022-06-08 11:45:09
20,Frankfurt,9059002,2022-06-08 14:13:09
21,Paris,3900421,2022-06-09 01:16:09
22,Marseille,4430914,2022-06-09 09:09:09
23,Lyon,9414784,2022-06-09 19:31:09
24,Toulouse,8517546,2022-06-09 21:37:09
25,Nice,5176014,2022-06-10 03:02:09
26,London,2929076,2022-06-10 15:08:09
27,Birmingham,8424198,2022-06-10 18:23:09
28,Liverpool,2645226,2022-06-11 09:44:09
29,Nottingham,5551906,2022-06-11 14:41:09
30,Sheffield,1032767,2022-06-12 00:00:09
31,Mumbai,3806655,2022-06-12 03:58:09
32,Delhi,4857508,2022-06-12 16:23:09
33,Bengaluru,3487216,2022-06-12 21:38:09
34,Kolkata,6927530,2022-06-13 05:31:09
35,Chennai,1490558,2022-06-13 09:34:09
36,Rome,5132431,2022-06-13 14:17:09
37,Milan,1492736,2022-06-13 21:11:09
38,Naples,8594471,2022-06-14 09:42:09
39,Turin,5051667,2022-06-14 11:49:09
40,Palermo,2645226,2022-06-14 19:44:09
41,Toronto,1490559,2022-06-15 09:34:09
42,Montreal,5132432,2022-06-15 14:17:09
43,Calgary,1492737,2022-06-15 21:11:09
44,Ottawa,8594472,2022-06-15 09:42:09
45,Edmonton,5051668,2022-06-15 11:49:09
46,Seoul,2929077,2022-06-16 15:08:09
47,Busan,8424199,2022-06-16 18:23:09
48,Incheon,2645227,2022-06-16 09:44:09
49,Daegu,5551907,2022-06-16 14:41:09
50,Gwangju,1032768,2022-06-16 00:00:09
51,Sao Paulo,9861692,2022-06-17 10:41:09
52,Rio de Janeiro,8548307,2022-06-17 15:26:09
53,Brasilia,1913048,2022-06-17 15:52:09
54,Fortaleza,8667865,2022-06-17 16:50:09
55,Belo Horizonte,4867551,2022-06-17 16:56:09
